storyid,background,problems,solutions,goal,actor,impact,deliverable,us_actor,us_action,us_expected_outcome
1,"GitLab Runner is a crucial component in the CI/CD pipeline of GitLab, responsible for executing jobs and reporting results back to GitLab. It supports various operating systems and execution environments, making it versatile for automating testing, building, and deploying code. The Runner interacts with job definitions in GitLab CI/CD pipelines to streamline the software development workflow.","The current issue involves the handling of job temporary file paths within the GitLab Runner. The existing implementation ties the creation of these paths to the `ShellWriter` interface, which is responsible for shell-specific operations. This coupling is problematic because the path creation is not inherently dependent on shell-specific logic until it needs to be printed, leading to unnecessary complexity and potential errors in handling file variables.","To address this issue, the proposal suggests refactoring the code by extracting the job temporary file path creation from the `ShellWriter` interface and moving it to the `common.Build` structure. This separation will allow `ShellWriter` implementations to focus solely on presenting the path and preparing the environment for script execution. This change will simplify the codebase and improve the handling of file variables by decoupling path creation from shell-specific logic.",Improve the efficiency and reliability of job execution in the CI/CD pipeline.,Developers,Developers need to standardize the creation and management of temporary file paths during job execution.,Implement a refactored shellwriter interface to handle temporary file paths consistently across jobs.,Developers,refactor the shellwriter interface to manage temporary file paths,ensure consistent and reliable job execution in the CI/CD pipeline.
2,"GitLab Runner is a crucial tool for automating CI/CD processes, enabling continuous integration and deployment by executing jobs defined in GitLab CI/CD pipelines. It supports various operating systems and execution environments, such as Docker containers and virtual machines, to streamline software development workflows.","Currently, in the .gitlab-ci.yml file, users can define a variable and use it in another variable definition. However, there is no straightforward way to enable or disable nested variables through the GitLab UI, which limits flexibility and control over CI/CD configurations.","The proposal suggests adding a UI option under project settings to enable or disable nested variables in the .gitlab-ci.yml file. This includes a checkbox for users to select, which is not enabled by default, and requires a save action to apply changes. Feedback is provided via a toast notification. Permissions will be aligned with existing roles, allowing only developers, maintainers, and owners to access and modify this setting. Additionally, documentation will be updated to reflect these changes.",Enhance user control over CI/CD variable management in GitLab.,GitLab users,GitLab users need to adjust variable settings to enable nested variable usage.,Add a UI option for enabling or disabling nested variables in the CI/CD settings.,GitLab users,navigate to the project settings and enable the nested variable option,to have nested variables applied in their CI/CD configurations.
3,"GitLab Runner is a critical component of GitLab's CI/CD pipeline, enabling automated testing, building, and deployment of code across various platforms and environments. The introduction of a new `.gitlab-ci.yml` syntax aims to enhance the release process by integrating the `releaser-cli` tool, which facilitates the creation of releases directly from CI/CD pipelines.","The current issue involves ensuring that GitLab Runner can support a new feature called `multi_build_steps`. This feature needs to be communicated to the GitLab Rails application when a job is requested. Without this update, runners that do not support this feature may attempt to execute jobs they cannot handle, leading to job failures and the error message indicating that the runner is outdated.","To address this, the GitLab Runner must be updated to include the `multi_build_steps` feature in the `POST /api/v4/jobs/request` endpoint, specifically within the `:features` field. This ensures that the job registration process can accurately determine if a runner supports the necessary features for a given job, preventing unsupported runners from attempting to execute incompatible jobs.",To enhance the runner's capability to handle new feature requests efficiently.,Developer,Developers need to adapt to using the new CLI commands for feature requests.,Implement a CLI tool that supports the new syntax for creating and managing feature requests.,Developer,use the CLI tool to create a new feature request with the updated syntax,to efficiently manage feature requests and ensure compatibility with the latest runner updates.
4,"GitLab Runner is a crucial tool for executing CI/CD jobs in GitLab, supporting various operating systems and execution environments. It automates testing, building, and deploying code, ensuring a streamlined development workflow. The Runner executes jobs defined in pipelines and reports results back to GitLab, facilitating continuous integration and deployment processes.","A regression was identified where the 'after_script' was not executed within the Docker executor, highlighting a gap in the integration tests for this executor. This issue indicates that the current tests do not adequately verify the execution of all job stages, specifically the 'before_script', 'script', and 'after_script' stages, leading to potential undetected failures in job execution.","The proposal suggests updating existing tests, such as 'TestDockerCommandSuccessRun' and 'TestDockerCommandBuildFail', to ensure that all stages of a job ('before_script', 'script', 'after_script') are executed and validated. This enhancement will close the test gap and ensure comprehensive coverage of job execution stages. Additional steps will be addressed in a follow-up issue to further improve test coverage.",Ensure seamless execution of integration tests within the Docker executor environment.,Development Team,Development Team needs to enhance the testing process by integrating automated checks for Docker executor stages.,Implement a Docker executor integration test suite that verifies successful execution of all stages and steps.,Development Team,add an integration test step to the Docker executor pipeline,"to identify and address gaps in the integration test coverage, ensuring all stages and jobs execute successfully."
5,"GitLab Runner is a critical component of GitLab's CI/CD system, responsible for executing jobs defined in pipelines and reporting results back to GitLab. It supports various operating systems and execution environments, making it versatile for different development needs. The Runner helps automate testing, building, and deploying code, thus enhancing the efficiency and reliability of software development workflows.","The current issue involves the need to extend the build session capabilities of GitLab Runner by adding a new endpoint. This endpoint should facilitate proxying requests from Rails-Workhorse to a specific service running within the build environment. The challenge lies in ensuring that this proxy mechanism can handle both HTTP requests and websocket connections, with the latter requiring bi-directional communication support.","To address this issue, a new endpoint structure like `/session/uuid/proxy/<build|or|service-name>/<port>/<requested-uri>` will be implemented. This endpoint will act as a proxy, capable of handling both unidirectional HTTP requests and bi-directional websocket connections. The solution will involve setting up the proxy to automatically detect and manage websocket connections, ensuring seamless communication between the Rails-Workhorse and the target service within the build environment.",Enable seamless proxying of build service requests to improve efficiency.,Developers,Developers need to implement a proxy mechanism for build service requests.,"A new endpoint that can proxy requests to specific services, including handling WebSocket connections.",Developers,implement a new endpoint to proxy requests to specific services using a UUID URI.,"Developers can efficiently route build service requests through the new endpoint, including handling WebSocket connections bidirectionally."
6,"GitLab Runner is a crucial tool for automating CI/CD processes by executing jobs defined in GitLab CI/CD pipelines. It supports various execution environments, including Docker, which is widely used in both onsite installations and on gitlab.com. The interactive web terminal feature has been implemented for Kubernetes and shell executors, and the current task is to extend this support to the Docker executor.","The Docker executor currently stops the container as soon as the build script finishes, which results in the terminal closing immediately. This behavior is due to Docker's default handling of containers, which is not suitable for maintaining an active terminal session after the script execution ends. This limitation prevents users from interacting with the terminal once the build script completes.","To address this, the proposal suggests implementing the InteractiveTerminal and Conn interface for the Docker executor. Two potential solutions are proposed: 1) Adding 'tail -f /dev/null' to keep the container running, though this has limitations if 'tail' is not available, and 2) Running the container in detached mode using 'docker run -t -d', which allows the script to be executed via 'docker exec'. This approach aligns with the Kubernetes executor's workflow and avoids hacks, though it changes the runner's workflow.",Enable interactive web terminal support for Docker executor to enhance user experience during builds.,Developers,Developers need to adapt their workflow to include interactive terminal sessions during Docker builds.,Implement an interface for Docker executor to support interactive terminal connections using the GitLab terminal proxy.,Developers,Implement an interactive terminal connection for Docker executor using the GitLab terminal proxy.,Developers can connect to a running container via an interactive terminal during the build process.
7,"GitLab Runner is a crucial component of the GitLab CI/CD ecosystem, enabling automated testing, building, and deployment of code across various operating systems and environments. It is designed to execute jobs defined in GitLab CI/CD pipelines, thereby facilitating continuous integration and deployment processes. The documentation for GitLab Runner includes guidance on installation and configuration, which is essential for users to effectively utilize its capabilities.","The current documentation for GitLab Runner's autoscaling setup contains a link labeled 'GitLab Runner installation documentation' that incorrectly redirects users to the GitLab repository instead of the intended installation guide. Additionally, the sections on Docker Registry and Cache Server are currently positioned under the autoscaling documentation, though they are applicable in broader contexts beyond just autoscaling environments.","To resolve these issues, the incorrect link should be updated to direct users to the correct GitLab Runner installation guide at https://docs.gitlab.com/runner/install/. Furthermore, the sections discussing Docker Registry and Cache Server should be relocated to a separate page or section within the documentation to reflect their relevance across different deployment scenarios, not just within autoscaling contexts.",Improve the accessibility and usability of the GitLab Runner installation documentation.,Technical Writer,Technical Writers need to update and organize documentation to make it more user-friendly and accessible.,"A separate, well-organized page dedicated to GitLab Runner installation with links to relevant resources.",Technical Writer,update the documentation to include a separate page for GitLab Runner installation with links to relevant resources,Users can easily find and understand the GitLab Runner installation process and related resources.
8,"GitLab Runner is a critical component in the CI/CD pipeline that facilitates the automation of testing, building, and deploying code by executing jobs defined in GitLab CI/CD pipelines. It supports various operating systems and execution environments, making it versatile for different development setups. The ability to manage volumes is crucial for ensuring that data persists across job executions, particularly for caching purposes, which can significantly optimize build times and resource usage.","The issue arises when registering a GitLab Runner with additional Docker volumes specified for the /cache directory. Despite explicitly defining a custom volume for /cache, the runner configuration automatically adds a default /cache volume, leading to duplicate entries. This behavior is problematic as it can cause confusion and potential conflicts in volume management, and there is currently no built-in mechanism to prevent or manage this duplication effectively.","To address this issue, several solutions are proposed: 1) Implement a check to automatically detect if a /cache volume is already specified by the user and avoid adding the default /cache volume again. 2) Introduce a configuration switch that allows users to disable the automatic addition of the /cache volume, with a warning to manually ensure the volume is correctly mounted. 3) Provide a more precise configuration option for specifying the /cache volume location, allowing for greater flexibility and control over volume management.",Enable seamless volume management for GitLab runners.,Developers,Developers need to manage volumes efficiently without manual intervention.,Implement an automated volume detection and management feature for GitLab runners.,Developers,implement an automated volume detection feature in GitLab runners,to ensure volumes are managed efficiently without manual intervention.
9,"GitLab Runner is a crucial tool for automating CI/CD processes by executing jobs defined in GitLab CI/CD pipelines. It supports various operating systems and execution environments, making it versatile for different development setups. The Runner is integral to ensuring code is continuously tested and deployed efficiently, enhancing the software development workflow.","The documentation for installing GitLab Runner using Docker is outdated. It still suggests using data volumes in a manner that is no longer considered best practice, as well as using outdated Docker command syntax. Specifically, it uses '$ docker run' instead of the updated '$ docker container run' command. Additionally, there is redundancy in the documentation where the same Docker run command is mentioned twice in the installation and configuration chapter.","Update the documentation to reflect current best practices by recommending the use of '$ docker volume' for creating volumes. Revise the command syntax to use '$ docker container run' in place of the outdated '$ docker run'. Remove redundant command mentions to streamline the installation and configuration instructions, ensuring clarity and accuracy for users.",Ensure the documentation reflects the latest Docker practices and syntax.,Technical Writer,Technical writers need to update the documentation to align with the latest Docker syntax and practices.,Revise the documentation to include updated Docker commands and remove outdated syntax.,Technical Writer,update the documentation to reflect the current Docker commands and practices,users can follow the documentation without encountering deprecated commands or outdated practices.
10,"GitLab Runner is a crucial tool for automating CI/CD processes by executing jobs defined in GitLab CI/CD pipelines. It supports various operating systems and execution environments, facilitating continuous testing and deployment of code. The Runner is integral to streamlining software development workflows by ensuring consistent and automated code testing and deployment.","The current issue involves the need to manage the active status of registered Runners on GitLab's side. Currently, there is no straightforward way to set a Runner as inactive, which could lead to inefficiencies or mismanagement of resources if a Runner is no longer needed or should not be used temporarily. This limitation requires a modification in the GitLab CI API to allow for better control over Runner statuses.","The proposed solution is to introduce a new attribute, 'active', for Runners in the GitLab CI API. This would allow users to set a Runner as active or inactive using a flag (--active=false or --active=true). Implementing this feature would require updating the GitLab CI API to accommodate this new attribute, thereby providing users with more flexibility in managing their Runners and optimizing resource usage.",Improve the management of runner registration statuses in GitLab.,DevOps Engineer,DevOps Engineers need to efficiently update runner statuses to reflect their current activity.,Enhance the GitLab CI API to allow updating runner statuses directly.,DevOps Engineer,update the runner status via the GitLab CI API,ensure that the runner's activity status is accurately reflected in the system.
11,"GitLab Runner is a crucial tool for executing CI/CD jobs, facilitating automated testing, building, and deployment of code. It integrates with GitLab to streamline software development workflows across various operating systems and environments, such as Docker, VMs, or physical machines. This automation ensures continuous testing and deployment, enhancing development efficiency and reliability.","The issue arises with version 1.0.2 of GitLab Runner, where the cache is always restored for a job, even after the cache setting is removed from the job configuration. This persistent cache restoration can lead to outdated or unwanted data being used in the CI/CD process, potentially affecting the accuracy and reliability of the build and deployment outcomes.","A temporary workaround to this problem is to move the project to a new runner, which prevents the old cache from being restored. A more permanent solution would involve investigating the runner's cache handling logic to ensure it respects the current job configuration, possibly requiring an update or patch to the runner software to address this behavior.",Improve the efficiency of job execution by optimizing cache usage.,DevOps Engineer,DevOps Engineers need to adjust cache settings to ensure jobs restore cache correctly.,Implement a feature that allows DevOps Engineers to easily enable or disable cache settings for jobs.,DevOps Engineer,adjust the cache settings for a job to ensure it restores correctly,the job executes more efficiently with the correct cache settings applied.
12,"GitLab Runner is a crucial tool for automating CI/CD processes, allowing developers to efficiently test, build, and deploy their code across various environments. It executes jobs defined in GitLab CI/CD pipelines and can operate on multiple operating systems and execution environments, enhancing the flexibility and scalability of software development workflows.","When changes are made to the configuration file located at `/etc/gitlab-runner/config.toml`, it is necessary to ensure that these changes are recognized by the GitLab Runner. Additionally, there is uncertainty about the correct procedure for registering the runner for the first time using the configuration file.","To ensure that GitLab Runner picks up changes made to the `/etc/gitlab-runner/config.toml` file, you need to restart the runner service. This can typically be done using a command like `sudo gitlab-runner restart` on Linux systems. For the initial registration of the runner, you should use the command `gitlab-ci-multi-runner register -c /etc/gitlab-runner/config.toml`, which will set up the runner with the specified configuration file.",Ensure seamless integration and operation of GitLab runners for continuous integration processes.,DevOps Engineer,DevOps Engineers need to consistently update and manage GitLab runners to ensure they pick up changes efficiently.,Implement an automated script that registers and updates GitLab runners whenever changes are made.,DevOps Engineer,register and update GitLab runners using an automated script,the GitLab runners automatically pick up changes and operate seamlessly with the CI/CD pipeline.
